MODEL_ID,FEATURE_SEQ,SOURCE_COLUMN,ORIGINAL_VALUE,FEATURE_NAME,FEATURE_TYPE,COEFFICIENT,P_VALUE,SOURCE_FEATURE_P_VALUE,CI_LOWER,CI_UPPER,IS_REFERENCE,PCS_DATE
20260919_230223,1,,,(Intercept),INTERCEPT,-155021227.5314179,0.0,,-160805329.3822561,-149237125.68057972,N,2026-09-18
20260919_230223,2,brand,Toyota,,ONEHOT,,,0.0,,,Y,2026-09-18
20260919_230223,3,brand,Audi,brand=Audi,ONEHOT,-164062.0749276746,0.05299679924457342,0.0,-330245.4291812015,2121.279325852258,N,2026-09-18
20260919_230223,4,brand,BMW,brand=BMW,ONEHOT,194433.27648156005,7.782602204948546e-05,0.0,97989.29939411064,290877.2535690095,N,2026-09-18
20260919_230223,5,brand,BYD,brand=BYD,ONEHOT,59436.715273802474,0.6127233650661401,0.0,-170707.80843850563,289581.23898611055,N,2026-09-18
20260919_230223,6,brand,Chevrolet,brand=Chevrolet,ONEHOT,-233289.12195722904,0.006218188344534235,0.0,-400401.03756101395,-66177.20635344417,N,2026-09-18
20260919_230223,7,brand,Ford,brand=Ford,ONEHOT,30346.206830497722,0.8232804338634969,0.0,-235984.7625319225,296677.1761929179,N,2026-09-18
20260919_230223,8,brand,Haval,brand=Haval,ONEHOT,-35000.15463400337,0.7801355914813106,0.0,-280756.1384325635,210755.82916455675,N,2026-09-18
20260919_230223,9,brand,Honda,brand=Honda,ONEHOT,393628.4545432708,2.494474643521752e-10,0.0,271729.12770780147,515527.78137874015,N,2026-09-18
20260919_230223,10,brand,Hyundai,brand=Hyundai,ONEHOT,4588.41259480454,0.95400863852283,0.0,-151347.31683607431,160524.1420256834,N,2026-09-18
20260919_230223,11,brand,Isuzu,brand=Isuzu,ONEHOT,-329417.87889411784,0.01281328643192617,0.0,-588822.3658225704,-70013.39196566533,N,2026-09-18
20260919_230223,12,brand,Kia,brand=Kia,ONEHOT,193906.08199062909,0.05639318128241924,0.0,-5282.867289969319,393095.0312712275,N,2026-09-18
20260919_230223,13,brand,Land Rover,brand=Land Rover,ONEHOT,1902817.0410428725,1.73641279866806e-64,0.0,1683317.6004805525,2122316.481605192,N,2026-09-18
20260919_230223,14,brand,Lexus,brand=Lexus,ONEHOT,193558.31040544919,0.08175797036114887,0.0,-24398.03667046933,411514.6574813677,N,2026-09-18
20260919_230223,15,brand,MG,brand=MG,ONEHOT,-135480.18526444252,0.05681051187293474,0.0,-274886.65779593156,3926.287267046515,N,2026-09-18
20260919_230223,16,brand,Mazda,brand=Mazda,ONEHOT,-352142.2629326006,6.986386730849302e-10,0.0,-464041.7188468292,-240242.80701837206,N,2026-09-18
20260919_230223,17,brand,Mercedes-Benz,brand=Mercedes-Benz,ONEHOT,300910.68580788514,2.684095155955526e-12,0.0,216604.40442490482,385216.9671908654,N,2026-09-18
20260919_230223,18,brand,Mini,brand=Mini,ONEHOT,90571.88609462293,0.22848948805850353,0.0,-56838.83638431152,237982.60857355737,N,2026-09-18
20260919_230223,19,brand,Mitsubishi,brand=Mitsubishi,ONEHOT,76126.59932200357,0.17949968363582228,0.0,-35031.78953109392,187284.98817510105,N,2026-09-18
20260919_230223,20,brand,Nissan,brand=Nissan,ONEHOT,-20340.400900774075,0.6624130480128888,0.0,-111657.30208958787,70976.50028803971,N,2026-09-18
20260919_230223,21,brand,Porsche,brand=Porsche,ONEHOT,1891702.2160349414,3.598569927353503e-195,0.0,1768086.167555936,2015318.2645139468,N,2026-09-18
20260919_230223,22,brand,Subaru,brand=Subaru,ONEHOT,-252947.84296659194,0.004827263730577713,0.0,-428850.67925329425,-77045.0066798896,N,2026-09-18
20260919_230223,23,brand,Suzuki,brand=Suzuki,ONEHOT,171511.2664993332,0.017783022227282404,0.0,29681.44291594517,313341.0900827212,N,2026-09-18
20260919_230223,24,brand,Volkswagen,brand=Volkswagen,ONEHOT,196174.6264589666,0.03951793859468882,0.0,9413.918747410149,382935.3341705231,N,2026-09-18
20260919_230223,25,brand,Volvo,brand=Volvo,ONEHOT,210051.0388644562,0.0028488706657202236,0.0,72070.51661380121,348031.5611151112,N,2026-09-18
20260919_230223,26,brand,__OTHER__,brand=__OTHER__,ONEHOT,1626940.7046269663,3.0730888677825602e-167,0.0,1511880.967294045,1742000.4419598875,N,2026-09-18
20260919_230223,27,model,__OTHER__,,ONEHOT,,,6.705000563532619e-74,,,Y,2026-09-18
20260919_230223,28,model,2,model=2,ONEHOT,406353.6154447447,9.085136820909385e-10,6.705000563532619e-74,276348.10540752683,536359.1254819626,N,2026-09-18
20260919_230223,29,model,3,model=3,ONEHOT,-15122.238485830978,0.8526207235751592,6.705000563532619e-74,-174668.76367844827,144424.2867067863,N,2026-09-18
20260919_230223,30,model,320d,model=320d,ONEHOT,-138072.5227685541,0.08670348792090883,6.705000563532619e-74,-296047.5169432198,19902.47140611158,N,2026-09-18
20260919_230223,31,model,ACCORD,model=ACCORD,ONEHOT,-524596.4833204594,6.601388394198709e-12,6.705000563532619e-74,-674300.1810079528,-374892.78563296597,N,2026-09-18
20260919_230223,32,model,ALMERA,model=ALMERA,ONEHOT,272394.5667655892,4.863620613327927e-05,6.705000563532619e-74,140975.6499739949,403813.4835571834,N,2026-09-18
20260919_230223,33,model,ALPHARD,model=ALPHARD,ONEHOT,308641.2344622687,3.632459808117907e-05,6.705000563532619e-74,162173.20270000337,455109.266224534,N,2026-09-18
20260919_230223,34,model,ATTRAGE,model=ATTRAGE,ONEHOT,104253.15922491343,0.27453914688647213,6.705000563532619e-74,-82753.45171810169,291259.77016792854,N,2026-09-18
20260919_230223,35,model,CAMRY,model=CAMRY,ONEHOT,-428257.3917734555,7.571789853683767e-14,6.705000563532619e-74,-540467.1353690104,-316047.6481779006,N,2026-09-18
20260919_230223,36,model,CIVIC,model=CIVIC,ONEHOT,-448798.303741584,1.3986618903862413e-10,6.705000563532619e-74,-585859.8699525063,-311736.73753066175,N,2026-09-18
20260919_230223,37,model,CR-V,model=CR-V,ONEHOT,-524651.2863453891,7.161452718870997e-13,6.705000563532619e-74,-667892.5942676787,-381409.97842309956,N,2026-09-18
20260919_230223,38,model,CX-5,model=CX-5,ONEHOT,13877.919115550289,0.8649992483112829,6.705000563532619e-74,-146114.74418378834,173870.58241488892,N,2026-09-18
20260919_230223,39,model,City,model=City,ONEHOT,-275971.9179379221,3.399755781465882e-05,6.705000563532619e-74,-406456.1985149228,-145487.63736092142,N,2026-09-18
20260919_230223,40,model,Corolla Altis,model=Corolla Altis,ONEHOT,-161073.79549432057,0.005928318384581687,6.705000563532619e-74,-275798.53588068334,-46349.05510795783,N,2026-09-18
20260919_230223,41,model,Corolla Cross,model=Corolla Cross,ONEHOT,-86360.21074480258,0.1838108561668852,6.705000563532619e-74,-213712.4324208949,40992.010931289755,N,2026-09-18
20260919_230223,42,model,D-MAX,model=D-MAX,ONEHOT,496815.0733628142,0.0002954117072555266,6.705000563532619e-74,227791.42188567924,765838.7248399492,N,2026-09-18
20260919_230223,43,model,EVEREST,model=EVEREST,ONEHOT,-94893.69866427951,0.5354017368346927,6.705000563532619e-74,-394988.0035742718,205200.60624571276,N,2026-09-18
20260919_230223,44,model,FORTUNER,model=FORTUNER,ONEHOT,-320322.2248212255,4.5995179632541664e-09,6.705000563532619e-74,-427416.0530387523,-213228.39660369873,N,2026-09-18
20260919_230223,45,model,H-1,model=H-1,ONEHOT,-163033.91047151992,0.08069703186980232,6.705000563532619e-74,-345979.1589392292,19911.337996189337,N,2026-09-18
20260919_230223,46,model,HILUX REVO,model=HILUX REVO,ONEHOT,-300962.4180599155,1.6462253538905095e-08,6.705000563532619e-74,-405425.77153648564,-196499.06458334532,N,2026-09-18
20260919_230223,47,model,HR-V,model=HR-V,ONEHOT,-362179.19623437134,3.4677744317559133e-07,6.705000563532619e-74,-501452.24142701714,-222906.15104172553,N,2026-09-18
20260919_230223,48,model,INNOVA,model=INNOVA,ONEHOT,-719667.3241322029,7.435347210963771e-17,6.705000563532619e-74,-888716.7288916456,-550617.9193727602,N,2026-09-18
20260919_230223,49,model,JAZZ,model=JAZZ,ONEHOT,-291472.03427660937,0.0001914134418249994,6.705000563532619e-74,-444614.10321562726,-138329.96533759145,N,2026-09-18
20260919_230223,50,model,MG5,model=MG5,ONEHOT,-303547.6317676237,0.0018358048409917785,6.705000563532619e-74,-494496.46848211845,-112598.79505312897,N,2026-09-18
20260919_230223,51,model,MU-X,model=MU-X,ONEHOT,-20967.662416587173,0.8777777903862447,6.705000563532619e-74,-288201.0964233107,246265.77159013634,N,2026-09-18
20260919_230223,52,model,PAJERO SPORT,model=PAJERO SPORT,ONEHOT,-357065.7494276878,1.5394436997481205e-06,6.705000563532619e-74,-502661.32057296496,-211470.17828241058,N,2026-09-18
20260919_230223,53,model,RANGER,model=RANGER,ONEHOT,121951.23853038473,0.3944997825794605,6.705000563532619e-74,-158764.5574659789,402667.03452674835,N,2026-09-18
20260919_230223,54,model,SWIFT,model=SWIFT,ONEHOT,-36033.69477281356,0.6925970883731619,6.705000563532619e-74,-214684.6101532996,142617.2206076725,N,2026-09-18
20260919_230223,55,model,TRITON,model=TRITON,ONEHOT,-317304.83409131365,9.585316108415019e-05,6.705000563532619e-74,-476719.88122936036,-157889.78695326694,N,2026-09-18
20260919_230223,56,model,VELLFIRE,model=VELLFIRE,ONEHOT,171006.66163712562,0.06213438566810864,6.705000563532619e-74,-8675.632898236305,350688.9561724876,N,2026-09-18
20260919_230223,57,model,VIOS,model=VIOS,ONEHOT,77563.13727970229,0.19608858800071013,6.705000563532619e-74,-40031.360765815145,195157.63532521972,N,2026-09-18
20260919_230223,58,model,X1,model=X1,ONEHOT,-121590.85444733458,0.07775883154925078,6.705000563532619e-74,-256702.24567633437,13520.536781665185,N,2026-09-18
20260919_230223,59,model,YARIS,model=YARIS,ONEHOT,123699.98134286195,0.038524232790900635,6.705000563532619e-74,6532.534791993981,240867.42789372994,N,2026-09-18
20260919_230223,60,model,Yaris Ativ,model=Yaris Ativ,ONEHOT,105103.47361733377,0.09051025362639653,6.705000563532619e-74,-16594.984451281372,226801.93168594892,N,2026-09-18
20260919_230223,61,model,ZS,model=ZS,ONEHOT,-17461.39395929511,0.8360360637550471,6.705000563532619e-74,-182824.6184160522,147901.83049746195,N,2026-09-18
20260919_230223,62,sub_model,__OTHER__,,ONEHOT,,,2.10753158602277e-14,,,Y,2026-09-18
20260919_230223,63,sub_model,AMG Dynamic,sub_model=AMG Dynamic,ONEHOT,-398368.0468931578,4.751535879797362e-12,2.10753158602277e-14,-511280.2173681136,-285455.87641820207,N,2026-09-18
20260919_230223,64,sub_model,E,sub_model=E,ONEHOT,105126.50921113719,0.0029628009861282062,2.10753158602277e-14,35790.53963671197,174462.47878556242,N,2026-09-18
20260919_230223,65,sub_model,EL,sub_model=EL,ONEHOT,-141191.70384417774,0.0010382123615882098,2.10753158602277e-14,-225557.59569916193,-56825.81198919355,N,2026-09-18
20260919_230223,66,sub_model,G,sub_model=G,ONEHOT,110315.21016348805,0.004876844850074698,2.10753158602277e-14,33511.288225026015,187119.1321019501,N,2026-09-18
20260919_230223,67,sub_model,GLX,sub_model=GLX,ONEHOT,68481.33131406519,0.3189174555674267,2.10753158602277e-14,-66188.8002701504,203151.46289828076,N,2026-09-18
20260919_230223,68,sub_model,M Sport,sub_model=M Sport,ONEHOT,18704.68467168438,0.752399017745971,2.10753158602277e-14,-97504.80086107692,134914.1702044457,N,2026-09-18
20260919_230223,69,sub_model,RS,sub_model=RS,ONEHOT,-55095.604353171584,0.33102392778316203,2.10753158602277e-14,-166187.8947789558,55996.68607261263,N,2026-09-18
20260919_230223,70,sub_model,S,sub_model=S,ONEHOT,-39772.294193871145,0.32891131803393664,2.10753158602277e-14,-119617.79124421865,40073.20285647636,N,2026-09-18
20260919_230223,71,sub_model,SV,sub_model=SV,ONEHOT,24913.253992480848,0.666599518509639,2.10753158602277e-14,-88429.68743583247,138256.19542079416,N,2026-09-18
20260919_230223,72,sub_model,Sport,sub_model=Sport,ONEHOT,-166159.196382828,0.0016479486693779751,2.10753158602277e-14,-269629.9476533801,-62688.44511227589,N,2026-09-18
20260919_230223,73,sub_model,Titanium+,sub_model=Titanium+,ONEHOT,-43221.94590257448,0.6422601481411702,2.10753158602277e-14,-225586.16420629306,139142.2724011441,N,2026-09-18
20260919_230223,74,sub_model,V,sub_model=V,ONEHOT,32963.16188479393,0.3359526537479329,2.10753158602277e-14,-34183.41280419261,100109.73657378048,N,2026-09-18
20260919_230223,75,sub_model,X,sub_model=X,ONEHOT,53071.4441252766,0.46411310155109337,2.10753158602277e-14,-89015.55150078142,195158.4397513346,N,2026-09-18
20260919_230223,76,sub_model,__MISSING__,sub_model=__MISSING__,ONEHOT,1997.330160479105,0.9539051395235018,2.10753158602277e-14,-65728.7138963706,69723.3742173288,N,2026-09-18
20260919_230223,77,model_year,,model_year,NUMERIC,76550.36048612489,0.0,0.0,73685.24129354516,79415.47967870462,N,2026-09-18
20260919_230223,78,mileage,,mileage,NUMERIC,-0.8741520713522721,4.528828527314008e-23,4.528828527314009e-23,-1.0472437350958221,-0.701060407608722,N,2026-09-18
20260919_230223,79,fuel_type,Petrol,,ONEHOT,,,4.44167339980051e-68,,,Y,2026-09-18
20260919_230223,80,fuel_type,Bi-fuel,fuel_type=Bi-fuel,ONEHOT,208795.18007675576,0.1335102390700754,4.44167339980051e-68,-63955.48940442508,481545.8495579366,N,2026-09-18
20260919_230223,81,fuel_type,Diesel,fuel_type=Diesel,ONEHOT,6855.283036010851,0.8042923553762666,4.44167339980051e-68,-47368.67827783554,61079.24434985724,N,2026-09-18
20260919_230223,82,fuel_type,Electric,fuel_type=Electric,ONEHOT,-911208.4794056804,6.852540460970075e-70,4.44167339980051e-68,-1012042.6335926875,-810374.3252186733,N,2026-09-18
20260919_230223,83,fuel_type,Hybrid,fuel_type=Hybrid,ONEHOT,-44837.64632812247,0.07615454378069027,4.44167339980051e-68,-94391.18555923365,4715.8929029887,N,2026-09-18
20260919_230223,84,fuel_type,__OTHER__,fuel_type=__OTHER__,ONEHOT,-557585.4832681778,0.10529462916350936,4.44167339980051e-68,-1232309.4622968975,117138.49576054176,N,2026-09-18
20260919_230223,85,engine_size,,engine_size,NUMERIC,966512.876321049,0.0,0.0,934927.457163688,998098.2954784101,N,2026-09-18
20260919_230223,86,body_type,Sedan,,ONEHOT,,,0.0,,,Y,2026-09-18
20260919_230223,87,body_type,Convertible,body_type=Convertible,ONEHOT,712650.1400996313,6.164626863243923e-26,0.0,580128.3572117774,845171.9229874852,N,2026-09-18
20260919_230223,88,body_type,Coupe,body_type=Coupe,ONEHOT,1213065.4367866567,8.044493543586722e-199,0.0,1134544.3360867682,1291586.5374865453,N,2026-09-18
20260919_230223,89,body_type,Hatchback,body_type=Hatchback,ONEHOT,-34543.186679874954,0.2902641991520713,0.0,-98564.01490587166,29477.641546121755,N,2026-09-18
20260919_230223,90,body_type,Pickup,body_type=Pickup,ONEHOT,-849293.8106631063,7.12489203050465e-52,0.0,-958959.7015596948,-739627.9197665177,N,2026-09-18
20260919_230223,91,body_type,SUV,body_type=SUV,ONEHOT,-82649.52088488353,0.005635895885494847,0.0,-141165.14782372615,-24133.893946040924,N,2026-09-18
20260919_230223,92,body_type,Truck,body_type=Truck,ONEHOT,-989637.6153199633,5.351037292678215e-14,0.0,-1247367.6821405943,-731907.5484993323,N,2026-09-18
20260919_230223,93,body_type,Van,body_type=Van,ONEHOT,226507.92055692742,0.0007191611868197438,0.0,95253.92006886043,357761.9210449944,N,2026-09-18
20260919_230223,94,body_type,Wagon,body_type=Wagon,ONEHOT,84210.03267208941,0.05827229835079506,0.0,-2949.4056256220647,171369.4709698009,N,2026-09-18
20260919_230223,95,color,White,,ONEHOT,,,2.455954320259659e-52,,,Y,2026-09-18
20260919_230223,96,color,Black,color=Black,ONEHOT,3862.8694869103892,0.8113310927532771,2.455954320259659e-52,-27854.76719179732,35580.5061656181,N,2026-09-18
20260919_230223,97,color,Blue,color=Blue,ONEHOT,331145.8792953305,8.140929961974798e-14,2.455954320259659e-52,244269.9316642827,418021.8269263783,N,2026-09-18
20260919_230223,98,color,Brown,color=Brown,ONEHOT,56101.348038155214,0.1819198062924864,2.455954320259659e-52,-26272.575878424737,138475.27195473516,N,2026-09-18
20260919_230223,99,color,Cream,color=Cream,ONEHOT,555047.7131456236,3.2014414912662816e-05,2.455954320259659e-52,293479.62850266683,816615.7977885803,N,2026-09-18
20260919_230223,100,color,Golden,color=Golden,ONEHOT,113212.70282984935,0.26679359146691767,2.455954320259659e-52,-86608.64568026573,313034.05133996444,N,2026-09-18
20260919_230223,101,color,Green,color=Green,ONEHOT,566725.3262324017,1.347989325570716e-15,2.455954320259659e-52,427768.6401952702,705682.0122695331,N,2026-09-18
20260919_230223,102,color,Grey Bronze,color=Grey Bronze,ONEHOT,26386.065098696647,0.10153544991498141,2.455954320259659e-52,-5197.197601420088,57969.32779881338,N,2026-09-18
20260919_230223,103,color,Light blue,color=Light blue,ONEHOT,699163.109207914,6.8930008625727465e-28,2.455954320259659e-52,574084.8860461228,824241.3323697052,N,2026-09-18
20260919_230223,104,color,Orange,color=Orange,ONEHOT,118421.14919221707,0.022953040631779775,2.455954320259659e-52,16364.427450739822,220477.8709336943,N,2026-09-18
20260919_230223,105,color,Other,color=Other,ONEHOT,263921.1302541674,0.0004654835958699808,2.455954320259659e-52,116131.50179882071,411710.75870951416,N,2026-09-18
20260919_230223,106,color,Pink,color=Pink,ONEHOT,934825.4969633644,8.891370051814747e-05,2.455954320259659e-52,467341.92143230047,1402309.0724944284,N,2026-09-18
20260919_230223,107,color,Purple,color=Purple,ONEHOT,267653.3430910158,0.14644997537393545,2.455954320259659e-52,-93593.46590484673,628900.1520868784,N,2026-09-18
20260919_230223,108,color,Red,color=Red,ONEHOT,132893.25727628355,4.724126877786848e-06,2.455954320259659e-52,75988.70510051245,189797.80945205464,N,2026-09-18
20260919_230223,109,color,Silver Bronze,color=Silver Bronze,ONEHOT,21398.258991019862,0.3572185394863448,2.455954320259659e-52,-24155.906749411868,66952.4247314516,N,2026-09-18
20260919_230223,110,color,Yellow,color=Yellow,ONEHOT,366853.1491333182,9.405011011485098e-07,2.455954320259659e-52,220246.4968082992,513459.8014583372,N,2026-09-18
20260919_230223,111,number_of_seats,,number_of_seats,NUMERIC,-101545.14938406643,1.654935902226158e-49,1.6549359022262204e-49,-114979.43045706452,-88110.86831106835,N,2026-09-18
20260919_230224,1,,,(Intercept),INTERCEPT,-152028998.16819936,0.0,,-157692080.92142648,-146365915.41497225,N,2026-09-18
20260919_230224,2,brand,Toyota,,ONEHOT,,,0.0,,,Y,2026-09-18
20260919_230224,3,brand,Audi,brand=Audi,ONEHOT,-156940.35034821564,0.06355271015701777,0.0,-322734.3020433036,8853.60134687231,N,2026-09-18
20260919_230224,4,brand,BMW,brand=BMW,ONEHOT,171613.44171152337,0.00022243022554367943,0.0,80517.69997737554,262709.1834456712,N,2026-09-18
20260919_230224,5,brand,BYD,brand=BYD,ONEHOT,43778.268539768906,0.7093663514581532,0.0,-186445.6361175231,274002.17319706094,N,2026-09-18
20260919_230224,6,brand,Chevrolet,brand=Chevrolet,ONEHOT,-242617.636289883,0.004420168425880777,0.0,-409666.9940529708,-75568.27852679524,N,2026-09-18
20260919_230224,7,brand,Ford,brand=Ford,ONEHOT,-9852.9301305966,0.9419732312456687,0.0,-275163.0266004735,255457.1663392803,N,2026-09-18
20260919_230224,8,brand,Haval,brand=Haval,ONEHOT,-54539.710324393294,0.663437478228578,0.0,-300186.5809207503,191107.1602719637,N,2026-09-18
20260919_230224,9,brand,Honda,brand=Honda,ONEHOT,391091.9672253144,5.818451143119387e-11,0.0,274068.0733609514,508115.86108967743,N,2026-09-18
20260919_230224,10,brand,Hyundai,brand=Hyundai,ONEHOT,-15608.342713175169,0.8440733095836308,0.0,-171148.82316249068,139932.13773614034,N,2026-09-18
20260919_230224,11,brand,Isuzu,brand=Isuzu,ONEHOT,-368939.50510288705,0.005311196753844571,0.0,-628340.6199072963,-109538.39029847781,N,2026-09-18
20260919_230224,12,brand,Kia,brand=Kia,ONEHOT,161262.29333317743,0.11187456034732356,0.0,-37546.721277395845,360071.3079437507,N,2026-09-18
20260919_230224,13,brand,Land Rover,brand=Land Rover,ONEHOT,1879226.0536367265,6.275968953613493e-63,0.0,1659689.6157641027,2098762.49150935,N,2026-09-18
20260919_230224,14,brand,Lexus,brand=Lexus,ONEHOT,170198.11087407026,0.1260368083150585,0.0,-47843.36311969839,388239.5848678389,N,2026-09-18
20260919_230224,15,brand,MG,brand=MG,ONEHOT,-113048.45765707277,0.07526894203381941,0.0,-237609.5320564413,11512.616742295751,N,2026-09-18
20260919_230224,16,brand,Mazda,brand=Mazda,ONEHOT,-347117.35678716784,9.475803575020956e-10,0.0,-458293.1224749191,-235941.59109941663,N,2026-09-18
20260919_230224,17,brand,Mercedes-Benz,brand=Mercedes-Benz,ONEHOT,223942.97021526456,7.779363101494224e-08,0.0,142255.12982443877,305630.81060609035,N,2026-09-18
20260919_230224,18,brand,Mini,brand=Mini,ONEHOT,67764.72565289635,0.3658459276350559,0.0,-79113.48400100334,214642.93530679605,N,2026-09-18
20260919_230224,19,brand,Mitsubishi,brand=Mitsubishi,ONEHOT,77111.42508242434,0.15767831600797141,0.0,-29856.614776049217,184079.4649408979,N,2026-09-18
20260919_230224,20,brand,Nissan,brand=Nissan,ONEHOT,-8786.339846025685,0.8492651401746659,0.0,-99398.41470162767,81825.7350095763,N,2026-09-18
20260919_230224,21,brand,Porsche,brand=Porsche,ONEHOT,1888890.4783867607,1.1852107923571585e-194,0.0,1765289.9294186204,2012491.027354901,N,2026-09-18
20260919_230224,22,brand,Subaru,brand=Subaru,ONEHOT,-253503.2518738561,0.0045136371615696926,0.0,-428457.6168912096,-78548.88685650259,N,2026-09-18
20260919_230224,23,brand,Suzuki,brand=Suzuki,ONEHOT,170793.22841687492,0.016467310079594042,0.0,31222.958582237625,310363.4982515122,N,2026-09-18
20260919_230224,24,brand,Volkswagen,brand=Volkswagen,ONEHOT,179358.9360610028,0.05954460242168885,0.0,-7217.330707153131,365935.20282915875,N,2026-09-18
20260919_230224,25,brand,Volvo,brand=Volvo,ONEHOT,191703.67727342126,0.006393587532301943,0.0,53918.99423265117,329488.3603141913,N,2026-09-18
20260919_230224,26,brand,__OTHER__,brand=__OTHER__,ONEHOT,1613791.5285994625,1.6696935274841458e-165,0.0,1499050.723143968,1728532.334054957,N,2026-09-18
20260919_230224,27,model,__OTHER__,,ONEHOT,,,2.2299372573019347e-83,,,Y,2026-09-18
20260919_230224,28,model,2,model=2,ONEHOT,386913.1199512395,4.763545790784089e-09,2.2299372573019347e-83,257427.18602278037,516399.0538796986,N,2026-09-18
20260919_230224,29,model,3,model=3,ONEHOT,-41583.601120757754,0.6087641952084787,2.2299372573019347e-83,-200822.29390578164,117655.09166426613,N,2026-09-18
20260919_230224,30,model,320d,model=320d,ONEHOT,-177805.66147250397,0.027034652123543758,2.2299372573019347e-83,-335420.93546901626,-20190.38747599168,N,2026-09-18
20260919_230224,31,model,ACCORD,model=ACCORD,ONEHOT,-581856.2126180896,2.8376101854865536e-15,2.2299372573019347e-83,-726191.3739681205,-437521.0512680587,N,2026-09-18
20260919_230224,32,model,ALMERA,model=ALMERA,ONEHOT,257109.96010295875,0.00011608451541086704,2.2299372573019347e-83,126374.73914750485,387845.18105841265,N,2026-09-18
20260919_230224,33,model,ALPHARD,model=ALPHARD,ONEHOT,308905.3036833996,3.4021129874117806e-05,2.2299372573019347e-83,162843.946557895,454966.66080890415,N,2026-09-18
20260919_230224,34,model,ATTRAGE,model=ATTRAGE,ONEHOT,140194.58432249282,0.11598534687497912,2.2299372573019347e-83,-34617.928680006735,315007.0973249924,N,2026-09-18
20260919_230224,35,model,CAMRY,model=CAMRY,ONEHOT,-410080.2316235781,8.565939585373267e-14,2.2299372573019347e-83,-517761.2813467212,-302399.181900435,N,2026-09-18
20260919_230224,36,model,CIVIC,model=CIVIC,ONEHOT,-507129.55964702513,2.6515111311401123e-14,2.2299372573019347e-83,-637616.9782754106,-376642.14101863967,N,2026-09-18
20260919_230224,37,model,CR-V,model=CR-V,ONEHOT,-535791.9390818612,1.6518024695777695e-14,2.2299372573019347e-83,-672559.5861441204,-399024.2920196019,N,2026-09-18
20260919_230224,38,model,CX-5,model=CX-5,ONEHOT,-3984.87949737244,0.9610049565809045,2.2299372573019347e-83,-163731.95964148047,155762.2006467356,N,2026-09-18
20260919_230224,39,model,City,model=City,ONEHOT,-286754.96927695646,1.4125308271729886e-05,2.2299372573019347e-83,-416184.0619763442,-157325.87657756868,N,2026-09-18
20260919_230224,40,model,Corolla Altis,model=Corolla Altis,ONEHOT,-103736.61225174008,0.057653906383514766,2.2299372573019347e-83,-210842.02316186237,3368.7986583822058,N,2026-09-18
20260919_230224,41,model,Corolla Cross,model=Corolla Cross,ONEHOT,-106392.97232001992,0.10015794041046829,2.2299372573019347e-83,-233228.0619082767,20442.117268236834,N,2026-09-18
20260919_230224,42,model,D-MAX,model=D-MAX,ONEHOT,548508.9781751354,6.356002190173216e-05,2.2299372573019347e-83,279713.4832908877,817304.4730593832,N,2026-09-18
20260919_230224,43,model,EVEREST,model=EVEREST,ONEHOT,-115083.34785969926,0.41349355849703856,2.2299372573019347e-83,-390914.9296190575,160748.23389965895,N,2026-09-18
20260919_230224,44,model,FORTUNER,model=FORTUNER,ONEHOT,-320217.81788788765,1.03071954654839e-09,2.2299372573019347e-83,-423003.6932436595,-217431.9425321158,N,2026-09-18
20260919_230224,45,model,H-1,model=H-1,ONEHOT,-163046.34404472666,0.08055136702974816,2.2299372573019347e-83,-345917.6085771932,19824.920487739902,N,2026-09-18
20260919_230224,46,model,HILUX REVO,model=HILUX REVO,ONEHOT,-291407.80932850693,4.382560418229584e-08,2.2299372573019347e-83,-395713.3551797215,-187102.26347729238,N,2026-09-18
20260919_230224,47,model,HR-V,model=HR-V,ONEHOT,-381736.5787367416,2.9254524792159536e-08,2.2299372573019347e-83,-516620.567521913,-246852.58995157026,N,2026-09-18
20260919_230224,48,model,INNOVA,model=INNOVA,ONEHOT,-747208.004132807,4.290518591330321e-18,2.2299372573019347e-83,-916021.4230373838,-578394.5852282302,N,2026-09-18
20260919_230224,49,model,JAZZ,model=JAZZ,ONEHOT,-317538.3263273726,3.626612984324222e-05,2.2299372573019347e-83,-468215.0298052194,-166861.62284952577,N,2026-09-18
20260919_230224,50,model,MG5,model=MG5,ONEHOT,-304201.4383265653,0.0017286680013283684,2.2299372573019347e-83,-494480.9515268465,-113921.92512628416,N,2026-09-18
20260919_230224,51,model,MU-X,model=MU-X,ONEHOT,-2052.4139156564706,0.9880007405735581,2.2299372573019347e-83,-269534.24532406306,265429.41749275016,N,2026-09-18
20260919_230224,52,model,PAJERO SPORT,model=PAJERO SPORT,ONEHOT,-379678.38232058584,1.6203409625701527e-07,2.2299372573019347e-83,-521713.9759749371,-237642.78866623456,N,2026-09-18
20260919_230224,53,model,RANGER,model=RANGER,ONEHOT,175124.08768761423,0.21970012761462404,2.2299372573019347e-83,-104543.00974730714,454791.18512253556,N,2026-09-18
20260919_230224,54,model,SWIFT,model=SWIFT,ONEHOT,-23915.88506416409,0.7918490213996676,2.2299372573019347e-83,-201535.10316723792,153703.33303890974,N,2026-09-18
20260919_230224,55,model,TRITON,model=TRITON,ONEHOT,-309492.7914455895,0.00010375191288206172,2.2299372573019347e-83,-465752.7322168318,-153232.8506743472,N,2026-09-18
20260919_230224,56,model,VELLFIRE,model=VELLFIRE,ONEHOT,172287.49660506705,0.060069259481178826,2.2299372573019347e-83,-7301.261840445251,351876.2550505793,N,2026-09-18
20260919_230224,57,model,VIOS,model=VIOS,ONEHOT,106325.15411006715,0.07116564141893643,2.2299372573019347e-83,-9165.952171061377,221816.26039119565,N,2026-09-18
20260919_230224,58,model,X1,model=X1,ONEHOT,-108588.61143295068,0.10737143406632746,2.2299372573019347e-83,-240772.26341425572,23595.040548354358,N,2026-09-18
20260919_230224,59,model,YARIS,model=YARIS,ONEHOT,126224.82806490012,0.03178793397083864,2.2299372573019347e-83,11000.324513775442,241449.3316160248,N,2026-09-18
20260919_230224,60,model,Yaris Ativ,model=Yaris Ativ,ONEHOT,81260.1841391784,0.1837656782127473,2.2299372573019347e-83,-38558.86733192092,201079.2356102777,N,2026-09-18
20260919_230224,61,model,ZS,model=ZS,ONEHOT,-7506.4826834387895,0.9286204521217951,2.2299372573019347e-83,-171747.7493532929,156734.78398641534,N,2026-09-18
20260919_230224,62,model_year,,model_year,NUMERIC,75073.1004914243,0.0,0.0,72268.09311781032,77878.10786503827,N,2026-09-18
20260919_230224,63,mileage,,mileage,NUMERIC,-0.8703472711154271,5.202340724862848e-23,5.202340724862848e-23,-1.0429282208066302,-0.697766321424224,N,2026-09-18
20260919_230224,64,fuel_type,Petrol,,ONEHOT,,,2.0454904540297192e-67,,,Y,2026-09-18
20260919_230224,65,fuel_type,Bi-fuel,fuel_type=Bi-fuel,ONEHOT,177438.54263842243,0.19936369875122434,2.0454904540297192e-67,-93550.79509784389,448427.8803746888,N,2026-09-18
20260919_230224,66,fuel_type,Diesel,fuel_type=Diesel,ONEHOT,37337.05018544186,0.16510274981782858,2.0454904540297192e-67,-15382.217425549083,90056.3177964328,N,2026-09-18
20260919_230224,67,fuel_type,Electric,fuel_type=Electric,ONEHOT,-894819.4705837707,6.44947712710869e-68,2.0454904540297192e-67,-995314.9397746134,-794324.001392928,N,2026-09-18
20260919_230224,68,fuel_type,Hybrid,fuel_type=Hybrid,ONEHOT,-22420.395186705402,0.3432375193874906,2.0454904540297192e-67,-68785.30916278897,23944.51878937816,N,2026-09-18
20260919_230224,69,fuel_type,__OTHER__,fuel_type=__OTHER__,ONEHOT,-542672.353321753,0.11523546572967693,2.0454904540297192e-67,-1217953.1776415189,132608.4709980128,N,2026-09-18
20260919_230224,70,engine_size,,engine_size,NUMERIC,973573.4246423378,0.0,0.0,942510.5668058355,1004636.2824788402,N,2026-09-18
20260919_230224,71,body_type,Sedan,,ONEHOT,,,0.0,,,Y,2026-09-18
20260919_230224,72,body_type,Convertible,body_type=Convertible,ONEHOT,669980.047453486,2.0994602983359783e-23,0.0,538338.3030263172,801621.7918806549,N,2026-09-18
20260919_230224,73,body_type,Coupe,body_type=Coupe,ONEHOT,1157184.7516105964,5.64604471161123e-191,0.0,1080720.7872728375,1233648.7159483554,N,2026-09-18
20260919_230224,74,body_type,Hatchback,body_type=Hatchback,ONEHOT,-31560.990664740013,0.3285071950188205,0.0,-94868.8372103147,31746.85588083467,N,2026-09-18
20260919_230224,75,body_type,Pickup,body_type=Pickup,ONEHOT,-908742.0154649583,1.0732581910868844e-60,0.0,-1016906.6253706279,-800577.4055592887,N,2026-09-18
20260919_230224,76,body_type,SUV,body_type=SUV,ONEHOT,-104971.67409314011,0.00030232636611889665,0.0,-161907.7580254521,-48035.59016082816,N,2026-09-18
20260919_230224,77,body_type,Truck,body_type=Truck,ONEHOT,-1003179.1048260462,5.205180881124161e-15,0.0,-1254447.4789327597,-751910.7307193326,N,2026-09-18
20260919_230224,78,body_type,Van,body_type=Van,ONEHOT,209569.5200537224,0.0017013848710110782,0.0,78677.694367901,340461.3457395438,N,2026-09-18
20260919_230224,79,body_type,Wagon,body_type=Wagon,ONEHOT,85409.34750493015,0.052617839652901316,0.0,-966.058477094004,171784.75348695432,N,2026-09-18
20260919_230224,80,color,White,,ONEHOT,,,1.0383804622872494e-52,,,Y,2026-09-18
20260919_230224,81,color,Black,color=Black,ONEHOT,6240.883756497602,0.6998885753136872,1.0383804622872494e-52,-25492.33622701113,37974.103740006336,N,2026-09-18
20260919_230224,82,color,Blue,color=Blue,ONEHOT,330483.5186773276,9.34548444637584e-14,1.0383804622872494e-52,243569.53292579277,417397.5044288625,N,2026-09-18
20260919_230224,83,color,Brown,color=Brown,ONEHOT,58982.9133409158,0.16091221170228565,1.0383804622872494e-52,-23474.367420076822,141440.19410190842,N,2026-09-18
20260919_230224,84,color,Cream,color=Cream,ONEHOT,549294.2974804663,3.9269494742099474e-05,1.0383804622872494e-52,287483.75552693754,811104.8394339951,N,2026-09-18
20260919_230224,85,color,Golden,color=Golden,ONEHOT,118321.5248580146,0.24629742573495764,1.0383804622872494e-52,-81706.23007508626,318349.27979111543,N,2026-09-18
20260919_230224,86,color,Green,color=Green,ONEHOT,568479.7430711831,1.170439254346809e-15,1.0383804622872494e-52,429395.90200237033,707563.5841399959,N,2026-09-18
20260919_230224,87,color,Grey Bronze,color=Grey Bronze,ONEHOT,29021.252364955468,0.07175797118371954,1.0383804622872494e-52,-2567.8050014919645,60610.3097314029,N,2026-09-18
20260919_230224,88,color,Light blue,color=Light blue,ONEHOT,700445.6245463927,6.1381204196214525e-28,1.0383804622872494e-52,575258.258712124,825632.9903806614,N,2026-09-18
20260919_230224,89,color,Orange,color=Orange,ONEHOT,129529.91704629647,0.012752064133491552,1.0383804622872494e-52,27599.586067308584,231460.24802528435,N,2026-09-18
20260919_230224,90,color,Other,color=Other,ONEHOT,278834.18938980345,0.00021940433886622482,1.0383804622872494e-52,130963.04899465395,426705.3297849529,N,2026-09-18
20260919_230224,91,color,Pink,color=Pink,ONEHOT,919677.5572913137,0.00011713557020293635,1.0383804622872494e-52,451772.2266471289,1387582.8879354985,N,2026-09-18
20260919_230224,92,color,Purple,color=Purple,ONEHOT,255640.79899025214,0.16590450606448418,1.0383804622872494e-52,-106004.42190050776,617286.019881012,N,2026-09-18
20260919_230224,93,color,Red,color=Red,ONEHOT,135786.49155670797,2.8221252985386644e-06,1.0383804622872494e-52,78967.8626160408,192605.12049737514,N,2026-09-18
20260919_230224,94,color,Silver Bronze,color=Silver Bronze,ONEHOT,27652.111361370626,0.2338595635401495,1.0383804622872494e-52,-17874.309421405684,73178.53214414694,N,2026-09-18
20260919_230224,95,color,Yellow,color=Yellow,ONEHOT,382029.40493133443,3.2592933239381407e-07,1.0383804622872494e-52,235460.65139021716,528598.1584724517,N,2026-09-18
20260919_230224,96,number_of_seats,,number_of_seats,NUMERIC,-103942.04513241543,2.583374913455825e-52,2.5833749134557255e-52,-117304.82543167613,-90579.26483315472,N,2026-09-18
20260919_230225,1,,,(Intercept),INTERCEPT,-165505205.50058743,0.0,,-170911466.2584727,-160098944.74270216,N,2026-09-18
20260919_230225,2,brand,Toyota,,ONEHOT,,,0.0,,,Y,2026-09-18
20260919_230225,3,brand,Audi,brand=Audi,ONEHOT,-154296.70055193425,0.06916070099207763,0.0,-320700.5646460758,12107.16354220736,N,2026-09-18
20260919_230225,4,brand,BMW,brand=BMW,ONEHOT,197572.1357441612,6.0909429787689917e-05,0.0,100995.65397723965,294148.6175110828,N,2026-09-18
20260919_230225,5,brand,BYD,brand=BYD,ONEHOT,67406.88800164698,0.5664543800157643,0.0,-163053.19907989632,297866.97508319025,N,2026-09-18
20260919_230225,6,brand,Chevrolet,brand=Chevrolet,ONEHOT,-239267.51977167808,0.005073675603691773,0.0,-406608.30722606886,-71926.7323172873,N,2026-09-18
20260919_230225,7,brand,Ford,brand=Ford,ONEHOT,39395.59813265347,0.7721774405532228,0.0,-227300.78606737504,306091.98233268195,N,2026-09-18
20260919_230225,8,brand,Haval,brand=Haval,ONEHOT,-39924.75394052075,0.75050218884698,0.0,-286021.55577416206,206172.0478931206,N,2026-09-18
20260919_230225,9,brand,Honda,brand=Honda,ONEHOT,393235.832091374,2.7506026010753493e-10,0.0,271166.5173644667,515305.14681828127,N,2026-09-18
20260919_230225,10,brand,Hyundai,brand=Hyundai,ONEHOT,24027.95851402788,0.7628898736147467,0.0,-132077.67172362184,180133.5887516776,N,2026-09-18
20260919_230225,11,brand,Isuzu,brand=Isuzu,ONEHOT,-345927.1147725353,0.009048717133990093,0.0,-605672.7650207591,-86181.46452431142,N,2026-09-18
20260919_230225,12,brand,Kia,brand=Kia,ONEHOT,202338.84345564147,0.04678367010533515,0.0,2879.094465855276,401798.59244542767,N,2026-09-18
20260919_230225,13,brand,Land Rover,brand=Land Rover,ONEHOT,1937997.296963323,1.0639113226286181e-66,0.0,1718302.4414080537,2157692.152518592,N,2026-09-18
20260919_230225,14,brand,Lexus,brand=Lexus,ONEHOT,185688.00838647358,0.09541066462575505,0.0,-32566.742709929327,403942.7594828765,N,2026-09-18
20260919_230225,15,brand,MG,brand=MG,ONEHOT,-133935.2864315091,0.06004967206394926,0.0,-273535.8527546546,5665.279891636397,N,2026-09-18
20260919_230225,16,brand,Mazda,brand=Mazda,ONEHOT,-353870.24467329483,6.091618721123761e-10,0.0,-465925.2426595617,-241815.24668702795,N,2026-09-18
20260919_230225,17,brand,Mercedes-Benz,brand=Mercedes-Benz,ONEHOT,313146.8828513846,3.5847411779102983e-13,0.0,228757.8916430644,397535.8740597048,N,2026-09-18
20260919_230225,18,brand,Mini,brand=Mini,ONEHOT,99024.73191820344,0.18854424836002498,0.0,-48582.068183143274,246631.53201955016,N,2026-09-18
20260919_230225,19,brand,Mitsubishi,brand=Mitsubishi,ONEHOT,78874.02240041445,0.1648877198087584,0.0,-32438.065700601685,190186.11050143058,N,2026-09-18
20260919_230225,20,brand,Nissan,brand=Nissan,ONEHOT,-26127.10973857772,0.5754440822930017,0.0,-117564.17122797042,65309.95175081497,N,2026-09-18
20260919_230225,21,brand,Porsche,brand=Porsche,ONEHOT,1919832.2538198226,9.874223950995639e-201,0.0,1796169.5286297074,2043494.9790099377,N,2026-09-18
20260919_230225,22,brand,Subaru,brand=Subaru,ONEHOT,-268347.5873779516,0.002824794777060505,0.0,-444469.2857783731,-92225.88897753012,N,2026-09-18
20260919_230225,23,brand,Suzuki,brand=Suzuki,ONEHOT,166140.37747971286,0.02186194038904535,0.0,24116.737024143193,308164.01793528255,N,2026-09-18
20260919_230225,24,brand,Volkswagen,brand=Volkswagen,ONEHOT,219321.0814411999,0.021497424793918807,0.0,32356.22415624853,406285.93872615125,N,2026-09-18
20260919_230225,25,brand,Volvo,brand=Volvo,ONEHOT,222896.30394944953,0.0015660896727227233,0.0,84746.8184540901,361045.78944480896,N,2026-09-18
20260919_230225,26,brand,__OTHER__,brand=__OTHER__,ONEHOT,1656193.1313066767,4.014930751115817e-173,0.0,1541119.013431246,1771267.2491821074,N,2026-09-18
20260919_230225,27,model,__OTHER__,,ONEHOT,,,1.3786073230404092e-77,,,Y,2026-09-18
20260919_230225,28,model,2,model=2,ONEHOT,400182.56315734284,1.7056686731185793e-09,1.3786073230404092e-77,270001.4854169231,530363.6408977625,N,2026-09-18
20260919_230225,29,model,3,model=3,ONEHOT,-30015.251495516237,0.7126612487251663,1.3786073230404092e-77,-189757.0017854584,129726.4987944259,N,2026-09-18
20260919_230225,30,model,320d,model=320d,ONEHOT,-139898.6263659252,0.08304383372325248,1.3786073230404092e-77,-298093.5335125795,18296.280780729052,N,2026-09-18
20260919_230225,31,model,ACCORD,model=ACCORD,ONEHOT,-548935.4336120777,7.070249026417291e-13,1.3786073230404092e-77,-698770.2197896906,-399100.64743446495,N,2026-09-18
20260919_230225,32,model,ALMERA,model=ALMERA,ONEHOT,276493.8752091864,3.829394368940536e-05,1.3786073230404092e-77,144894.1790234898,408093.571394883,N,2026-09-18
20260919_230225,33,model,ALPHARD,model=ALPHARD,ONEHOT,301586.0709531516,5.580504504431824e-05,1.3786073230404092e-77,154920.43223036092,448251.7096759423,N,2026-09-18
20260919_230225,34,model,ATTRAGE,model=ATTRAGE,ONEHOT,98621.06150496998,0.30196946348203113,1.3786073230404092e-77,-88643.03716343312,285885.16017337306,N,2026-09-18
20260919_230225,35,model,CAMRY,model=CAMRY,ONEHOT,-463516.875064694,5.63049144504206e-16,1.3786073230404092e-77,-575665.3985651637,-351368.3515642242,N,2026-09-18
20260919_230225,36,model,CIVIC,model=CIVIC,ONEHOT,-465363.12174677406,3.025099564511371e-11,1.3786073230404092e-77,-602576.5400939494,-328149.7033995987,N,2026-09-18
20260919_230225,37,model,CR-V,model=CR-V,ONEHOT,-543869.6628624913,1.0757323335862546e-13,1.3786073230404092e-77,-687260.1205772087,-400479.205147774,N,2026-09-18
20260919_230225,38,model,CX-5,model=CX-5,ONEHOT,-9591.143707362477,0.9065558765960097,1.3786073230404092e-77,-169739.34997487772,150557.0625601528,N,2026-09-18
20260919_230225,39,model,City,model=City,ONEHOT,-283518.4948192083,2.1134498436824063e-05,1.3786073230404092e-77,-414176.19293292763,-152860.79670548893,N,2026-09-18
20260919_230225,40,model,Corolla Altis,model=Corolla Altis,ONEHOT,-184197.99813756134,0.0016618037820398165,1.3786073230404092e-77,-298991.2065032913,-69404.78977183135,N,2026-09-18
20260919_230225,41,model,Corolla Cross,model=Corolla Cross,ONEHOT,-95919.93925363252,0.14038941622056,1.3786073230404092e-77,-223435.69037003425,31595.811862769202,N,2026-09-18
20260919_230225,42,model,D-MAX,model=D-MAX,ONEHOT,518710.8642065251,0.00016065250161119855,1.3786073230404092e-77,249346.9935248458,788074.7348882044,N,2026-09-18
20260919_230225,43,model,EVEREST,model=EVEREST,ONEHOT,-100816.37098633239,0.5108260690654919,1.3786073230404092e-77,-401326.9220113363,199694.1800386715,N,2026-09-18
20260919_230225,44,model,FORTUNER,model=FORTUNER,ONEHOT,-327533.27394842455,2.16238045762865e-09,1.3786073230404092e-77,-434766.9332184328,-220299.61467841626,N,2026-09-18
20260919_230225,45,model,H-1,model=H-1,ONEHOT,-173207.1472788928,0.06385810698489222,1.3786073230404092e-77,-356396.4429125048,9982.148354719131,N,2026-09-18
20260919_230225,46,model,HILUX REVO,model=HILUX REVO,ONEHOT,-309188.28806769097,6.936960090534674e-09,1.3786073230404092e-77,-413784.61949306366,-204591.9566423183,N,2026-09-18
20260919_230225,47,model,HR-V,model=HR-V,ONEHOT,-375196.04754098144,1.3442739530047297e-07,1.3786073230404092e-77,-514639.45096581837,-235752.6441161445,N,2026-09-18
20260919_230225,48,model,INNOVA,model=INNOVA,ONEHOT,-738245.7384353421,1.2843391625025589e-17,1.3786073230404092e-77,-907490.8285463424,-569000.6483243417,N,2026-09-18
20260919_230225,49,model,JAZZ,model=JAZZ,ONEHOT,-310902.8779643968,7.055361546385628e-05,1.3786073230404092e-77,-464210.12649032404,-157595.62943846954,N,2026-09-18
20260919_230225,50,model,MG5,model=MG5,ONEHOT,-289387.2090972965,0.003012632411113668,1.3786073230404092e-77,-480581.7453432743,-98192.67285131876,N,2026-09-18
20260919_230225,51,model,MU-X,model=MU-X,ONEHOT,-2196.400409294558,0.987163729228336,1.3786073230404092e-77,-269776.65793825,265383.8571196608,N,2026-09-18
20260919_230225,52,model,PAJERO SPORT,model=PAJERO SPORT,ONEHOT,-374615.8609240235,4.738790823841943e-07,1.3786073230404092e-77,-520372.9576547975,-228858.7641932495,N,2026-09-18
20260919_230225,53,model,RANGER,model=RANGER,ONEHOT,117064.53095370365,0.4143672781869089,1.3786073230404092e-77,-164041.10871544547,398170.17062285275,N,2026-09-18
20260919_230225,54,model,SWIFT,model=SWIFT,ONEHOT,-32434.341852637168,0.7223265475945253,1.3786073230404092e-77,-211332.99762697273,146464.31392169843,N,2026-09-18
20260919_230225,55,model,TRITON,model=TRITON,ONEHOT,-322424.2373181981,7.54727682798234e-05,1.3786073230404092e-77,-482058.39275562123,-162790.08188077493,N,2026-09-18
20260919_230225,56,model,VELLFIRE,model=VELLFIRE,ONEHOT,155830.13681817712,0.08957047495570448,1.3786073230404092e-77,-24077.59367707005,335737.8673134243,N,2026-09-18
20260919_230225,57,model,VIOS,model=VIOS,ONEHOT,50593.43477280841,0.39924965084050495,1.3786073230404092e-77,-67043.58136095022,168230.45090656704,N,2026-09-18
20260919_230225,58,model,X1,model=X1,ONEHOT,-119480.18405625534,0.08348420331634025,1.3786073230404092e-77,-254779.36754180852,15818.999429297852,N,2026-09-18
20260919_230225,59,model,YARIS,model=YARIS,ONEHOT,110654.46479549461,0.06447332894559048,1.3786073230404092e-77,-6647.87673734907,227956.80632833828,N,2026-09-18
20260919_230225,60,model,Yaris Ativ,model=Yaris Ativ,ONEHOT,107161.98898275183,0.08480362055471928,1.3786073230404092e-77,-14705.518089571618,229029.4960550753,N,2026-09-18
20260919_230225,61,model,ZS,model=ZS,ONEHOT,-19244.926805592404,0.8198101889548303,1.3786073230404092e-77,-184838.40534006033,146348.55172887552,N,2026-09-18
20260919_230225,62,sub_model,__OTHER__,,ONEHOT,,,2.4161169501574193e-14,,,Y,2026-09-18
20260919_230225,63,sub_model,AMG Dynamic,sub_model=AMG Dynamic,ONEHOT,-412967.9114166294,8.165706647871937e-13,2.4161169501574193e-14,-526000.4937314119,-299935.3291018469,N,2026-09-18
20260919_230225,64,sub_model,E,sub_model=E,ONEHOT,88726.9713279069,0.012165194930276233,2.4161169501574193e-14,19370.488789393843,158083.45386641996,N,2026-09-18
20260919_230225,65,sub_model,EL,sub_model=EL,ONEHOT,-148292.90033322445,0.0005804698283155487,2.4161169501574193e-14,-232764.7221931616,-63821.0784732873,N,2026-09-18
20260919_230225,66,sub_model,G,sub_model=G,ONEHOT,103381.2344697331,0.00841670424168474,2.4161169501574193e-14,26482.4847742984,180279.98416516779,N,2026-09-18
20260919_230225,67,sub_model,GLX,sub_model=GLX,ONEHOT,60859.46491054208,0.376383894646445,2.4161169501574193e-14,-73990.02206657208,195708.95188765624,N,2026-09-18
20260919_230225,68,sub_model,M Sport,sub_model=M Sport,ONEHOT,14744.145624444234,0.8038731836231304,2.4161169501574193e-14,-101624.76714023626,131113.05838912472,N,2026-09-18
20260919_230225,69,sub_model,RS,sub_model=RS,ONEHOT,-51895.714177146045,0.3605392004032407,2.4161169501574193e-14,-163141.13533391923,59349.70697962714,N,2026-09-18
20260919_230225,70,sub_model,S,sub_model=S,ONEHOT,-45435.505185164686,0.2653303489286236,2.4161169501574193e-14,-125384.47669205323,34513.466321723856,N,2026-09-18
20260919_230225,71,sub_model,SV,sub_model=SV,ONEHOT,22052.29146293809,0.703337288980065,2.4161169501574193e-14,-91447.31140484422,135551.89433072042,N,2026-09-18
20260919_230225,72,sub_model,Sport,sub_model=Sport,ONEHOT,-163361.41546262914,0.0020013444090252225,2.4161169501574193e-14,-266974.9920201942,-59747.83890506407,N,2026-09-18
20260919_230225,73,sub_model,Titanium+,sub_model=Titanium+,ONEHOT,-47833.45122404625,0.6076751404822518,2.4161169501574193e-14,-230449.7231958668,134782.82074777433,N,2026-09-18
20260919_230225,74,sub_model,V,sub_model=V,ONEHOT,20876.725447252236,0.5425700705907865,2.4161169501574193e-14,-46320.77516779011,88074.22606229458,N,2026-09-18
20260919_230225,75,sub_model,X,sub_model=X,ONEHOT,47106.64105453616,0.5163851183274126,2.4161169501574193e-14,-95173.60713039237,189386.88923946468,N,2026-09-18
20260919_230225,76,sub_model,__MISSING__,sub_model=__MISSING__,ONEHOT,20967.282933521692,0.5439247338757159,2.4161169501574193e-14,-46748.8270723114,88683.39293935479,N,2026-09-18
20260919_230225,77,number_of_seats,,number_of_seats,NUMERIC,-104555.10047436444,2.5037608659626387e-52,2.5037608659626387e-52,-117994.87270049803,-91115.32824823086,N,2026-09-18
20260919_230225,78,color,White,,ONEHOT,,,4.5756035646383394e-55,,,Y,2026-09-18
20260919_230225,79,color,Black,color=Black,ONEHOT,3254.5703101324834,0.8408235258149145,4.5756035646383394e-55,-28507.0738569848,35016.21447724977,N,2026-09-18
20260919_230225,80,color,Blue,color=Blue,ONEHOT,338905.8101226012,2.2857756329788473e-14,4.5756035646383394e-55,251922.30509817146,425889.315147031,N,2026-09-18
20260919_230225,81,color,Brown,color=Brown,ONEHOT,58275.907479754394,0.16614583003086283,4.5756035646383394e-55,-24211.77620091306,140763.59116042184,N,2026-09-18
20260919_230225,82,color,Cream,color=Cream,ONEHOT,605380.412586303,5.825543764488006e-06,4.5756035646383394e-55,343637.7267545993,867123.0984180067,N,2026-09-18
20260919_230225,83,color,Golden,color=Golden,ONEHOT,127738.68451053847,0.21081031214358886,4.5756035646383394e-55,-72340.62314813811,327817.99216921505,N,2026-09-18
20260919_230225,84,color,Green,color=Green,ONEHOT,590236.5513849085,9.224205818506624e-17,4.5756035646383394e-55,451164.1799593985,729308.9228104185,N,2026-09-18
20260919_230225,85,color,Grey Bronze,color=Grey Bronze,ONEHOT,26984.30504179307,0.09447339205604219,4.5756035646383394e-55,-4642.784305287729,58611.39438887387,N,2026-09-18
20260919_230225,86,color,Light blue,color=Light blue,ONEHOT,702416.6416052745,4.644998482992319e-28,4.5756035646383394e-55,577165.6335685044,827667.6496420447,N,2026-09-18
20260919_230225,87,color,Orange,color=Orange,ONEHOT,121239.68833620727,0.02006490545724758,4.5756035646383394e-55,19042.156455337827,223437.2202170767,N,2026-09-18
20260919_230225,88,color,Other,color=Other,ONEHOT,272066.85108918976,0.00031449006041169497,4.5756035646383394e-55,124079.91494574808,420053.78723263147,N,2026-09-18
20260919_230225,89,color,Pink,color=Pink,ONEHOT,933732.9856112734,9.268664202238251e-05,4.5756035646383394e-55,465597.46191216155,1401868.5093103852,N,2026-09-18
20260919_230225,90,color,Purple,color=Purple,ONEHOT,254545.3374967634,0.1678390178649843,4.5756035646383394e-55,-107195.9641579091,616286.6391514358,N,2026-09-18
20260919_230225,91,color,Red,color=Red,ONEHOT,136708.8223755394,2.5774977328187778e-06,4.5756035646383394e-55,79729.92832102772,193687.71643005108,N,2026-09-18
20260919_230225,92,color,Silver Bronze,color=Silver Bronze,ONEHOT,21330.947383536342,0.3594027388462768,4.5756035646383394e-55,-24286.7506967724,66948.64546384508,N,2026-09-18
20260919_230225,93,color,Yellow,color=Yellow,ONEHOT,376710.74638594827,4.934325679270928e-07,4.5756035646383394e-55,229912.63461015825,523508.85816173826,N,2026-09-18
20260919_230225,94,body_type,Sedan,,ONEHOT,,,0.0,,,Y,2026-09-18
20260919_230225,95,body_type,Convertible,body_type=Convertible,ONEHOT,740663.8094823136,7.465391430532912e-28,0.0,608073.5033084408,873254.1156561864,N,2026-09-18
20260919_230225,96,body_type,Coupe,body_type=Coupe,ONEHOT,1229326.7345185645,7.691617925050338e-204,0.0,1150762.2600279623,1307891.2090091668,N,2026-09-18
20260919_230225,97,body_type,Hatchback,body_type=Hatchback,ONEHOT,-30731.498881964337,0.3474209132168427,0.0,-94837.1614606837,33374.163696755015,N,2026-09-18
20260919_230225,98,body_type,Pickup,body_type=Pickup,ONEHOT,-849962.0313518406,8.19007173003952e-52,0.0,-959780.7930876077,-740143.2696160735,N,2026-09-18
20260919_230225,99,body_type,SUV,body_type=SUV,ONEHOT,-86130.39526518728,0.003964129797301936,0.0,-144723.56869590853,-27537.221834466036,N,2026-09-18
20260919_230225,100,body_type,Truck,body_type=Truck,ONEHOT,-981143.3813638296,9.453959161660366e-14,0.0,-1239227.4077939296,-723059.3549337296,N,2026-09-18
20260919_230225,101,body_type,Van,body_type=Van,ONEHOT,222190.4775488061,0.0009224768724594157,0.0,90756.20544078358,353624.74965682864,N,2026-09-18
20260919_230225,102,body_type,Wagon,body_type=Wagon,ONEHOT,81321.51484466984,0.06782239781232562,0.0,-5957.60523494106,168600.63492428075,N,2026-09-18
20260919_230225,103,engine_size,,engine_size,NUMERIC,968964.6341444328,0.0,0.0,937338.8992258192,1000590.3690630465,N,2026-09-18
20260919_230225,104,model_year,,model_year,NUMERIC,81710.79785138469,0.0,0.0,79030.35290516117,84391.24279760821,N,2026-09-18
20260919_230225,105,fuel_type,Petrol,,ONEHOT,,,1.8417584547566384e-68,,,Y,2026-09-18
20260919_230225,106,fuel_type,Bi-fuel,fuel_type=Bi-fuel,ONEHOT,163206.81801655723,0.24126925879430816,1.8417584547566384e-68,-109774.6275652436,436188.263598358,N,2026-09-18
20260919_230225,107,fuel_type,Diesel,fuel_type=Diesel,ONEHOT,-8136.330894411125,0.7686563154339392,1.8417584547566384e-68,-62354.488154748506,46081.82636592625,N,2026-09-18
20260919_230225,108,fuel_type,Electric,fuel_type=Electric,ONEHOT,-920296.586836857,4.452305925063297e-71,1.8417584547566384e-68,-1021255.2926589791,-819337.881014735,N,2026-09-18
20260919_230225,109,fuel_type,Hybrid,fuel_type=Hybrid,ONEHOT,-47378.47928357189,0.06128604095460073,1.8417584547566384e-68,-96998.57306707079,2241.6144999270036,N,2026-09-18
20260919_230225,110,fuel_type,__OTHER__,fuel_type=__OTHER__,ONEHOT,-553733.6146958327,0.10821198496281359,1.8417584547566384e-68,-1229398.1980519146,121930.96866024926,N,2026-09-18
